<?xml version="1.0" encoding="UTF-8"?>
<LightningComponentBundle xmlns="http://soap.sforce.com/2006/04/metadata">
    <apiVersion>55.0</apiVersion>
    <isExposed>true</isExposed>
    <masterLabel>Barcode Scan & QR Creation LWC</masterLabel>
    <description>Salesforce LWC to Scan barcodes using mobile camera (Only Mobile Salesforce App) as well as to Create a QR Code for any content. (Desktop & Mobile)</description>
    <targets>
        <target>lightning__RecordPage</target>
        <target>lightning__AppPage</target>
        <target>lightning__HomePage</target>
        <target>lightning__FlowScreen</target>
        <target>lightning__Tab</target>
        <target>lightning__UtilityBar</target>
    </targets>
    <targetConfigs>
        <targetConfig targets="lightning__RecordPage,lightning__AppPage,lightning__HomePage">
            <supportedFormFactors>
                <supportedFormFactor type="Large"/>
                <supportedFormFactor type="Small"/>
            </supportedFormFactors>
        </targetConfig>
    </targetConfigs>
</LightningComponentBundle>
